Workbook

Sheet Raw data
A1: Car ID | B1: Brand | C1: Model | D1: Daily Rent (PKR) | E1: Status
A2: 1 | B2: Toyota | C2: Yaris | D2: 8000 | E2: Available
A3: 2 | B3: Toyota | C3: Fortuner | D3: 25000 | E3: Available
A4: 3 | B4: Toyota | C4: Vigo Champ | D4: 18000 | E4: Available
A5: 4 | B5: Toyota | C5: Corola | D5: 10000 | E5: Available
A6: 5 | B6: Toyota | C6: Prado | D6: 40000 | E6: Available
A7: 6 | B7: Toyota | C7: Land Crusier | D7: 60000 | E7: Booked
A8: 7 | B8: Hyundai | C8: Elentra | D8: 10000 | E8: Available
A9: 8 | B9: Hyundai | C9: Sonata | D9: 160000 | E9: Available
A10: 9 | B10: Hyundai | C10: Tucson | D10: 180000 | E10: Available
A11: 10 | B11: Hyundai | C11: Palisade | D11: 45000 | E11: Available
A12: 11 | B12: Suzuki | C12: Mehran | D12: 3000 | E12: Booked
A13: 12 | B13: Suzuki | C13: Alto | D13: 4500 | E13: Available
... A30: 29 | B30: Honda | C30: Accord | D30: 25000 | E30: Booked

Sheet Calculations
A1: Brand | B1: Model | C1: Days Rented | D1: Daily Rent | E1: Monthly Income | F1: Category
A2: Toyota | B2: Yaris | C2: 18 | D2: 8000 | E2: =C2*D2 -> 144000 | F2: {=IF(D2:D3:D30>10000,"Luxury","Normal")} -> Normal
A3: Toyota | B3: Fortuner | C3: 12 | D3: 25000 | E3: =C3*D3 -> 300000 | F3: Luxury
A4: Toyota | B4: Vigo Champ | C4: 20 | D4: 18000 | E4: =C4*D4 -> 360000 | F4: Luxury
A5: Toyota | B5: Corolla | C5: 15 | D5: 10000 | E5: =C5*D5 -> 150000 | F5: Normal | I5: Total monthly income= | J5: =SUM(E2:E30) -> 6221500
A6: Toyota | B6: Prado | C6: 8 | D6: 40000 | E6: =C6*D6 -> 320000 | F6: Luxury | I6: Average monthly income= | J6: =AVERAGE(E2:E30) -> 214534.48
A7: Toyota | B7: Land Cruiser | C7: 6 | D7: 60000 | E7: =C7*D7 -> 360000 | F7: Luxury | I7: Luxury cars= | J7: =COUNTIF(F2:F30,"Luxury") -> 21
A8: Hyundai | B8: Elantra | C8: 14 | D8: 10000 | E8: =C8*D8 -> 140000 | F8: Normal
A9: Hyundai | B9: Sonata | C9: 10 | D9: 16000 | E9: =C9*D9 -> 160000 | F9: Luxury
A10: Hyundai | B10: Tucson | C10: 16 | D10: 18000 | E10: =C10*D10 -> 288000 | F10: Luxury
A11: Hyundai | B11: Palisade | C11: 5 | D11: 45000 | E11: =C11*D11 -> 225000 | F11: Luxury
A12: Suzuki | B12: Mehran | C12: 22 | D12: 3000 | E12: =C12*D12 -> 66000 | F12: Normal
A13: Suzuki | B13: Alto | C13: 20 | D13: 4500 | E13: =C13*D13 -> 90000 | F13: Normal
A14: Suzuki | B14: Swift | C14: 12 | D14: 7500 | E14: =C14*D14 -> 90000 | F14: Normal
A15: Suzuki | B15: Wagon R | C15: 15 | D15: 5500 | E15: =C15*D15 -> 82500 | F15: Normal
A16: BMW | B16: M5 | C16: 4 | D16: 85000 | E16: =C16*D16 -> 340000 | F16: Luxury
A17: BMW | B17: M3 | C17: 6 | D17: 70000 | E17: =C17*D17 -> 420000 | F17: Luxury
A18: BMW | B18: X1 | C18: 9 | D18: 35000 | E18: =C18*D18 -> 315000 | F18: Luxury
A19: BMW | B19: X5 | C19: 5 | D19: 55000 | E19: =C19*D19 -> 275000 | F19: Luxury
... A30: Honda | B30: Accord | C30: 4 | D30: 25000 | E30: =C30*D30 -> 100000 | F30: Luxury

Sheet Summary Dashboard
A1: Brand | B1: Total Monthly Income | C1: Category Summary
A2: Toyata | B2: =SUMIF(Calculations!A:A,"Toyota",Calculations!E:E) -> 1634000 | D2: Category | E2: Total cars
A3: Hyundai | B3: =SUMIF(Calculations!A:A,"Hyundai",Calculations!E:E) -> 813000 | D3: Luxury | E3: =COUNTIF(Calculations!F:F,"Luxury") -> 21
A4: Suzuki | B4: =SUMIF(Calculations!A:A,"Suzuki",Calculations!E:E) -> 328500 | D4: Normal | E4: =COUNTIF(Calculations!F:F,"Normal") -> 8
A5: Bmw | B5: =SUMIF(Calculations!A:A,"bmw",Calculations!E:E) -> 1635000
A6: Audi | B6: =SUMIF(Calculations!A:A,"Audi",Calculations!E:E) -> 1465000
A7: Honda | B7: 346000
